<?xml version="1.0" encoding="utf-8"?>
<extension version="1.0" type="plugin" group="community" method="upgrade">
    <name>BDAY_NAME</name>
    <author>Eric Tracz</author>
    <creationDate>July 2014</creationDate>
    <copyright>Copyright 2014 - Eric Tracz</copyright>
    <license>http://www.gnu.org/licenses/gpl-2.0.html GNU/GPL</license>
    <authorEmail>arkadiusz.tracz@gmail.com</authorEmail>
    <authorUrl>http://www.friq.pl</authorUrl>
    <version>1.0</version>
    <isapplication>true</isapplication>

    <description>BDAY_DESCRIPTION</description>

    <languages folder="language">
        <language tag="en-GB">en-GB/en-GB.plg_community_bday.ini</language>
        <language tag="en-GB">en-GB/en-GB.plg_community_bday.sys.ini</language>
        <language tag="pl-PL">pl-PL/pl-PL.plg_community_bday.ini</language>
    </languages>


    <files>
        <file plugin="bday">bday.php</file>
        <folder>bday</folder>
    </files>

    <config>
        <fields name="params">
            <fieldset name="basic">
                <field
                       name="coreapp"
                       class="btn-group btn-group-yesno"
                       type="radio"
                       default="0"
                       label="BDAY_FIELD_CORE_APP_LABEL"
                       description="BDAY_FIELD_CORE_APP_DESC">
                    <option value="1">BDAY_FIELD_YES</option>
                    <option value="0">BDAY_FIELD_NO</option>
                </field>
                <field name="position"
                       type="list"
                       default="sidebar-top"
                       label="BDAY_FIELD_POSITION_LABEL"
                       description="BDAY_FIELD_POSITION">
                    <option value="content">Main content</option>
                    <option value="sidebar-top">Sidebar top</option>
                    <option value="sidebar-bottom">Sidebar bottom</option>
                </field>
                <field name="bdaycpf"
                       type="text"
                       default="FIELD_BIRTHDATE"
                       label="BDAY_FIELD_BDAYCPF_LABEL"
                       description="BDAY_FIELD_BDAYCPF"
                       size="5"
                        />
                <field name="bdaybadge"
                       type="media"
                       default="/plugins/community/bday/bday/images/bday_badge.png"
                       label="BDAY_FIELD_BDAYBADGE_LABEL"
                       description="BDAY_FIELD_BDAYBADGE"
                       size="5"
                        />
                <field name="bdaybadgeheight"
                       type="text"
                       default="100"
                       label="BDAY_FIELD_BDAYBADGE_HEIGHT_LABEL"
                       description="BDAY_FIELD_BDAYBADGE_HEIGHT"
                       size="5"
                        />
                <field name="bdaybadgewidth"
                       type="text"
                       default="100"
                       label="BDAY_FIELD_BDAYBADGE_WIDTH_LABEL"
                       description="BDAY_FIELD_BDAYBADGE_WIDTH"
                       size="5"
                        />
            </fieldset>
        </fields>

    </config>

</extension>